i_epoch,env_reward,running_reward,training_step,hpwl,cost,epoch_time
0, -661.59, -661.59, 0,  6845523.73,  7419697.96, 2.27
1, -625.92, -658.02, 0,  6479389.76,  7233734.09, 1.23
2, -613.37, -653.55, 0,  6346960.62,  6892518.67, 1.21
3, -613.52, -649.55, 0,  6361490.39,  6982836.64, 1.22
4, -643.78, -648.97, 420,  6661749.93,  7220894.08, 10.88
5, -538.08, -637.88, 420,  5567344.69,  6311672.33, 1.27
6, -615.98, -635.69, 420,  6374181.94,  6927002.46, 1.16
7, -669.83, -639.11, 420,  6930299.85,  7618556.12, 1.15
8, -600.72, -635.27, 420,  6215835.32,  6822765.59, 1.15
9, -567.47, -628.49, 840,  5872807.27,  6493242.93, 10.73
10, -531.97, -618.84, 840,  5504418.49,  6058589.71, 1.30
11, -506.26, -607.58, 840,  5238204.71,  5818230.57, 1.19
12, -500.66, -596.89, 840,  5181421.60,  5739854.30, 1.17
13, -544.53, -591.65, 840,  5637570.64,  6178435.49, 1.17
14, -554.00, -587.89, 1260,  5733264.33,  6313831.59, 10.64
15, -416.05, -570.70, 1260,  4304617.35,  4841183.25, 1.26
16, -434.68, -557.10, 1260,  4497299.21,  5000173.11, 1.16
17, -380.49, -539.44, 1260,  3937685.54,  4502324.39, 1.17
18, -429.44, -528.44, 1260,  4444744.21,  5001662.17, 1.19
19, -446.97, -520.29, 1680,  4624298.58,  5129225.67, 10.90
20, -397.17, -507.98, 1680,  4109745.03,  4584356.79, 1.29
21, -291.71, -486.35, 1680,  3020505.26,  3545207.56, 1.17
22, -356.74, -473.39, 1680,  3690920.37,  4210459.63, 1.17
23, -340.73, -460.12, 1680,  3525695.12,  4037762.50, 1.17
24, -339.10, -448.02, 2100,  3511753.30,  4015415.65, 10.78
25, -231.80, -426.40, 2100,  2401457.78,  2789086.20, 1.28
26, -259.59, -409.72, 2100,  2687290.34,  3094712.42, 1.16
27, -257.81, -394.53, 2100,  2669157.15,  3072009.17, 1.19
28, -234.01, -378.48, 2100,  2420999.02,  2855772.32, 1.20
29, -244.62, -365.09, 2520,  2531120.07,  2946238.46, 10.94
30, -207.86, -349.37, 2520,  2150358.33,  2563801.48, 1.30
31, -216.34, -336.06, 2520,  2240208.37,  2604586.87, 1.21
32, -192.68, -321.73, 2520,  1993827.76,  2381880.44, 1.17
33, -198.90, -309.44, 2520,  2057398.95,  2454911.36, 1.19
34, -201.08, -298.61, 2940,  2082546.21,  2460034.99, 10.83
35, -188.10, -287.56, 2940,  1946308.58,  2299625.45, 1.26
36, -164.34, -275.23, 2940,  1704530.16,  2024256.91, 1.16
37, -177.09, -265.42, 2940,  1831918.38,  2205158.57, 1.19
38, -174.19, -256.30, 2940,  1802870.67,  2157293.19, 1.17
39, -177.05, -248.37, 3360,  1833151.09,  2172903.94, 10.94
40, -140.85, -237.62, 3360,  1457363.55,  1769673.80, 1.31
41, -141.64, -228.02, 3360,  1467551.20,  1745832.46, 1.18
42, -151.43, -220.36, 3360,  1566972.40,  1870081.75, 1.18
43, -136.81, -212.01, 3360,  1415669.58,  1723554.04, 1.16
44, -132.93, -204.10, 3780,  1375392.67,  1661535.12, 10.70
45, -128.57, -196.55, 3780,  1330288.85,  1624138.52, 1.26
46, -125.16, -189.41, 3780,  1295271.37,  1559346.74, 1.15
47, -143.81, -184.85, 3780,  1488062.09,  1729850.51, 1.14
48, -135.20, -179.88, 3780,  1398867.71,  1658965.75, 1.17
49, -125.64, -174.46, 4200,  1300386.52,  1578451.58, 10.89
50, -121.51, -169.16, 4200,  1257221.71,  1523706.80, 1.26
51, -108.13, -163.06, 4200,  1120991.14,  1376047.45, 1.15
52, -117.08, -158.46, 4200,  1211700.33,  1454050.19, 1.16
53, -103.81, -153.00, 4200,  1074028.87,  1302671.39, 1.17
54, -114.52, -149.15, 4620,  1185676.71,  1418539.90, 10.95
55, -109.17, -145.15, 4620,  1129785.72,  1346827.55, 1.27
56, -102.12, -140.85, 4620,  1056771.02,  1281522.13, 1.16
57, -106.96, -137.46, 4620,  1107538.63,  1339401.58, 1.17
58, -115.08, -135.22, 4620,  1191757.32,  1416497.82, 1.25
59, -121.77, -133.88, 5040,  1259795.86,  1482972.64, 10.86
60, -93.48, -129.84, 5040,  969784.29,  1176457.14, 1.29
61, -87.84, -125.64, 5040,  910088.04,  1124206.03, 1.18
62, -93.84, -122.46, 5040,  970954.67,  1176718.86, 1.15
63, -99.56, -120.17, 5040,  1030412.60,  1276338.26, 1.23
64, -119.11, -120.06, 5460,  1231841.65,  1467645.03, 10.90
65, -88.80, -116.94, 5460,  918809.17,  1112971.18, 1.31
66, -80.01, -113.24, 5460,  827816.08,  1024775.93, 1.23
67, -80.82, -110.00, 5460,  836378.62,  1038285.02, 1.16
68, -99.13, -108.91, 5460,  1025827.67,  1225828.92, 1.20
69, -87.66, -106.79, 5880,  906893.14,  1097665.63, 10.91
70, -86.80, -104.79, 5880,  898490.50,  1074827.75, 1.26
71, -80.94, -102.41, 5880,  839930.43,  1015690.71, 1.16
72, -90.57, -101.22, 5880,  937328.83,  1122919.32, 1.20
73, -90.90, -100.19, 5880,  941028.32,  1133634.96, 1.19
74, -78.65, -98.04, 6300,  813800.76,  996312.59, 10.94
75, -78.33, -96.06, 6300,  810692.73,  988139.91, 1.24
76, -79.94, -94.45, 6300,  831462.54,  999398.87, 1.14
77, -84.56, -93.46, 6300,  875217.82,  1057857.67, 1.17
78, -85.41, -92.66, 6300,  884565.78,  1070668.38, 1.17
79, -79.81, -91.37, 6720,  827043.34,  1009798.39, 10.75
80, -74.38, -89.67, 6720,  769478.70,  942493.37, 1.25
81, -81.76, -88.88, 6720,  846137.75,  1026049.17, 1.16
82, -74.14, -87.41, 6720,  767234.67,  924094.85, 1.17
83, -94.02, -88.07, 6720,  973465.84,  1141116.29, 1.14
84, -87.84, -88.05, 7140,  908804.84,  1080140.80, 10.66
85, -96.94, -88.94, 7140,  1003328.87,  1207088.77, 1.31
86, -78.54, -87.90, 7140,  812778.68,  974889.42, 1.23
87, -80.75, -87.18, 7140,  835498.72,  1006888.76, 1.21
88, -71.08, -85.57, 7140,  738966.83,  893296.84, 1.22
89, -85.43, -85.56, 7560,  883953.07,  1034720.03, 10.72
90, -68.09, -83.81, 7560,  704556.64,  861378.12, 1.26
91, -67.49, -82.18, 7560,  703327.77,  852144.44, 1.15
92, -77.93, -81.75, 7560,  806673.17,  966758.36, 1.18
93, -82.20, -81.80, 7560,  850346.04,  997835.42, 1.17
94, -85.80, -82.20, 7980,  887680.13,  1044602.08, 10.81
95, -73.62, -81.34, 7980,  761850.09,  900203.97, 1.28
96, -69.33, -80.14, 7980,  718364.88,  860321.00, 1.19
97, -72.73, -79.40, 7980,  753019.59,  903889.37, 1.20
98, -69.94, -78.45, 7980,  723710.37,  868654.55, 1.21
99, -67.14, -77.32, 8400,  695546.41,  845079.75, 10.94
100, -66.19, -76.21, 8400,  686403.66,  798030.17, 1.28
101, -74.43, -76.03, 8400,  769993.21,  888642.54, 1.18
102, -77.80, -76.21, 8400,  807162.58,  958856.07, 1.15
103, -64.46, -75.03, 8400,  668202.72,  808993.99, 1.17
104, -68.81, -74.41, 8820,  712624.93,  845909.50, 11.09
105, -80.16, -74.98, 8820,  829604.75,  970728.89, 1.30
106, -80.83, -75.57, 8820,  839689.63,  983220.96, 1.21
107, -69.07, -74.92, 8820,  714654.90,  844470.21, 1.20
108, -73.05, -74.73, 8820,  755958.10,  904267.52, 1.19
109, -64.55, -73.71, 9240,  667856.31,  806758.79, 10.87
110, -67.05, -73.05, 9240,  693665.28,  834860.87, 1.29
111, -73.64, -73.11, 9240,  762231.42,  889420.40, 1.19
112, -77.76, -73.57, 9240,  805418.28,  955050.65, 1.18
113, -68.41, -73.06, 9240,  708071.04,  854347.90, 1.20
114, -72.82, -73.03, 9660,  753887.46,  882262.92, 10.86
115, -71.59, -72.89, 9660,  741350.74,  884794.21, 1.30
116, -102.61, -75.86, 9660,  1061787.32,  1185202.06, 1.19
117, -70.10, -75.28, 9660,  726527.15,  850882.03, 1.15
118, -68.69, -74.63, 9660,  711280.09,  826772.50, 1.17
119, -74.82, -74.64, 10080,  774384.57,  907677.06, 10.83
120, -68.11, -73.99, 10080,  704945.34,  819668.67, 1.27
121, -78.03, -74.39, 10080,  807758.50,  923247.21, 1.17
122, -63.56, -73.31, 10080,  658146.96,  779422.44, 1.17
123, -65.53, -72.53, 10080,  678183.66,  798352.04, 1.15
124, -72.55, -72.54, 10500,  750631.27,  875277.23, 10.79
125, -73.01, -72.58, 10500,  755784.03,  869828.35, 1.30
126, -61.72, -71.50, 10500,  641446.39,  753991.95, 1.19
127, -87.19, -73.07, 10500,  902637.49,  1036343.75, 1.15
128, -72.20, -72.98, 10500,  747041.62,  875797.30, 1.19
129, -79.31, -73.61, 10920,  820678.48,  946334.57, 10.74
130, -75.17, -73.77, 10920,  778182.65,  879453.31, 1.27
131, -73.57, -73.75, 10920,  761625.95,  881767.87, 1.22
132, -62.44, -72.62, 10920,  646048.73,  749634.62, 1.20
133, -69.29, -72.29, 10920,  722188.22,  834220.28, 1.20
134, -74.29, -72.49, 11340,  770785.25,  881872.35, 10.89
135, -68.32, -72.07, 11340,  707296.72,  801476.11, 1.28
136, -64.18, -71.28, 11340,  664347.41,  760831.80, 1.18
137, -73.63, -71.51, 11340,  762139.44,  849971.97, 1.18
138, -61.14, -70.48, 11340,  632883.99,  739384.79, 1.20
139, -64.18, -69.85, 11760,  664534.04,  764353.05, 10.80
140, -79.64, -70.83, 11760,  824284.40,  925180.95, 1.29
141, -64.98, -70.24, 11760,  672698.43,  773145.83, 1.19
142, -82.69, -71.49, 11760,  856105.75,  952872.35, 1.18
143, -72.87, -71.63, 11760,  754729.62,  847358.12, 1.22
144, -65.60, -71.02, 12180,  684092.15,  780786.97, 10.93
145, -71.35, -71.06, 12180,  738847.07,  826362.28, 1.32
146, -59.32, -69.88, 12180,  615040.61,  705790.06, 1.20
147, -72.48, -70.14, 12180,  750752.81,  838809.70, 1.17
148, -82.10, -71.34, 12180,  849743.89,  939403.21, 1.19
149, -64.00, -70.60, 12600,  663050.96,  765419.24, 10.88
150, -61.23, -69.67, 12600,  633690.24,  721912.30, 1.27
151, -67.28, -69.43, 12600,  696745.26,  796775.31, 1.18
152, -63.53, -68.84, 12600,  658193.13,  747406.54, 1.16
153, -65.80, -68.53, 12600,  681470.91,  778053.27, 1.16
154, -72.99, -68.98, 13020,  755540.93,  859778.67, 10.98
155, -67.22, -68.80, 13020,  698598.56,  786058.78, 1.25
156, -70.16, -68.94, 13020,  729924.13,  826274.98, 1.21
157, -70.31, -69.08, 13020,  728492.16,  828963.46, 1.19
158, -59.62, -68.13, 13020,  619899.73,  711288.48, 1.18
159, -65.74, -67.89, 13440,  680940.22,  768209.36, 10.66
160, -81.08, -69.21, 13440,  839340.53,  942626.66, 1.26
161, -72.80, -69.57, 13440,  753786.94,  840088.41, 1.20
162, -61.27, -68.74, 13440,  637584.13,  722587.42, 1.18
163, -60.88, -67.95, 13440,  635320.35,  721737.97, 1.18
164, -59.67, -67.13, 13860,  617709.39,  701320.84, 10.71
165, -81.27, -68.54, 13860,  841410.08,  935931.84, 1.25
166, -68.17, -68.50, 13860,  705704.90,  787781.78, 1.18
167, -70.27, -68.68, 13860,  728246.46,  824009.20, 1.17
168, -61.82, -67.99, 13860,  641181.71,  741699.71, 1.17
169, -60.03, -67.20, 14280,  623387.79,  729618.08, 10.76
170, -68.08, -67.29, 14280,  710423.78,  799737.82, 1.30
171, -68.71, -67.43, 14280,  711495.51,  797761.62, 1.20
172, -67.71, -67.46, 14280,  701336.61,  784759.86, 1.21
173, -84.00, -69.11, 14280,  871834.23,  952564.07, 1.20
174, -80.40, -70.24, 14700,  833606.45,  930072.48, 11.08
175, -75.67, -70.78, 14700,  783446.42,  862618.77, 1.28
176, -62.65, -69.97, 14700,  649178.92,  761814.69, 1.17
177, -68.49, -69.82, 14700,  712800.16,  803106.30, 1.23
178, -62.11, -69.05, 14700,  643078.44,  721852.08, 1.20
179, -66.16, -68.76, 15120,  685718.04,  762140.07, 10.90
180, -60.86, -67.97, 15120,  630377.03,  738627.28, 1.31
181, -63.25, -67.50, 15120,  654724.85,  740844.75, 1.22
182, -79.59, -68.71, 15120,  823887.37,  909756.62, 1.19
183, -67.24, -68.56, 15120,  701414.96,  792649.82, 1.21
184, -69.81, -68.69, 15540,  734280.87,  821356.79, 10.91
185, -69.15, -68.73, 15540,  716144.32,  800945.43, 1.32
186, -65.19, -68.38, 15540,  676378.25,  755446.97, 1.20
187, -62.97, -67.84, 15540,  652180.98,  733965.33, 1.18
188, -61.72, -67.23, 15540,  645209.88,  765845.85, 1.19
189, -67.23, -67.23, 15960,  696279.24,  776795.55, 10.70
190, -64.92, -67.00, 15960,  672566.59,  746877.50, 1.31
191, -61.82, -66.48, 15960,  640062.43,  720592.13, 1.17
192, -59.49, -65.78, 15960,  622081.78,  720800.27, 1.17
193, -68.47, -66.05, 15960,  709070.22,  787538.53, 1.17
194, -65.71, -66.01, 16380,  686089.10,  775296.01, 10.77
195, -87.23, -68.14, 16380,  902807.55,  1027030.65, 1.28
196, -71.63, -68.49, 16380,  741735.64,  823884.40, 1.18
197, -69.05, -68.54, 16380,  720830.38,  811315.11, 1.16
198, -61.55, -67.84, 16380,  637186.14,  715786.76, 1.17
199, -77.82, -68.84, 16800,  805754.17,  945945.58, 10.78
200, -76.43, -69.60, 16800,  791792.13,  872719.87, 1.32
201, -59.41, -68.58, 16800,  615048.75,  698922.00, 1.19
202, -63.36, -68.06, 16800,  656165.33,  737295.85, 1.20
203, -60.80, -67.33, 16800,  634910.81,  759271.95, 1.21
204, -67.17, -67.32, 17220,  695642.57,  775317.72, 10.76
205, -70.94, -67.68, 17220,  734595.15,  829982.82, 1.30
206, -66.12, -67.52, 17220,  684605.75,  757434.86, 1.21
207, -74.75, -68.24, 17220,  774236.12,  843252.00, 1.18
208, -68.30, -68.25, 17220,  707552.39,  784818.86, 1.17
209, -65.06, -67.93, 17640,  674269.33,  776145.73, 11.02
210, -65.25, -67.66, 17640,  678657.33,  760833.14, 1.31
211, -70.21, -67.92, 17640,  726894.12,  804714.36, 1.20
212, -59.60, -67.09, 17640,  627084.66,  714897.31, 1.18
213, -67.78, -67.16, 17640,  702327.89,  778555.21, 1.18
214, -64.16, -66.86, 18060,  664512.30,  766261.51, 10.70
215, -62.90, -66.46, 18060,  652338.44,  745301.51, 1.27
216, -60.85, -65.90, 18060,  633042.35,  714170.04, 1.20
217, -61.63, -65.47, 18060,  643473.33,  728025.02, 1.20
218, -58.85, -64.81, 18060,  611870.66,  686505.49, 1.16
219, -72.08, -65.54, 18480,  752157.63,  843264.05, 10.84
220, -61.04, -65.09, 18480,  635496.92,  726442.42, 1.28
221, -60.83, -64.66, 18480,  634676.10,  717049.73, 1.21
222, -59.93, -64.19, 18480,  621741.97,  700787.71, 1.22
223, -60.49, -63.82, 18480,  628479.89,  704771.36, 1.17
224, -69.22, -64.36, 18900,  716668.70,  791348.95, 10.85
225, -61.15, -64.04, 18900,  638168.05,  723338.91, 1.29
226, -65.38, -64.17, 18900,  677040.71,  755485.53, 1.19
227, -79.36, -65.69, 18900,  822426.10,  919992.49, 1.17
228, -65.33, -65.65, 18900,  676721.63,  793456.67, 1.17
229, -62.92, -65.38, 19320,  651833.90,  746571.81, 10.84
230, -59.38, -64.78, 19320,  617283.67,  692968.24, 1.30
231, -63.66, -64.67, 19320,  662160.97,  750371.96, 1.18
232, -76.02, -65.80, 19320,  787063.42,  891145.76, 1.21
233, -65.20, -65.74, 19320,  675422.02,  751201.33, 1.18
234, -60.55, -65.22, 19740,  630154.78,  721821.21, 10.77
235, -68.73, -65.57, 19740,  712103.66,  791091.47, 1.29
236, -61.64, -65.18, 19740,  642919.60,  733457.52, 1.23
237, -62.79, -64.94, 19740,  650315.98,  729328.37, 1.24
238, -61.84, -64.63, 19740,  640332.41,  721549.77, 1.19
239, -75.07, -65.68, 20160,  777356.12,  908040.48, 10.87
240, -61.59, -65.27, 20160,  637945.03,  712631.96, 1.29
241, -63.88, -65.13, 20160,  661668.61,  740168.22, 1.24
242, -60.93, -64.71, 20160,  631097.61,  713238.96, 1.20
243, -62.28, -64.47, 20160,  644661.29,  725242.53, 1.28
244, -70.64, -65.08, 20580,  731652.90,  814893.25, 10.79
245, -72.40, -65.81, 20580,  753829.45,  843064.93, 1.27
246, -60.77, -65.31, 20580,  629491.58,  704424.99, 1.17
247, -69.96, -65.77, 20580,  724838.16,  797668.14, 1.17
248, -64.98, -65.70, 20580,  677168.78,  759535.07, 1.18
249, -68.74, -66.00, 21000,  711829.30,  791115.92, 10.83
250, -69.13, -66.31, 21000,  715686.53,  805854.68, 1.36
251, -76.35, -67.32, 21000,  790561.19,  916677.43, 1.19
252, -66.54, -67.24, 21000,  697097.33,  788720.33, 1.18
253, -73.46, -67.86, 21000,  760884.42,  847520.58, 1.19
254, -71.49, -68.22, 21420,  748777.42,  835959.25, 10.89
255, -71.60, -68.56, 21420,  741600.79,  836980.70, 1.31
256, -82.65, -69.97, 21420,  858166.86,  956190.82, 1.23
257, -60.68, -69.04, 21420,  628417.55,  704145.37, 1.22
258, -75.58, -69.70, 21420,  782882.24,  864617.37, 1.22
259, -60.14, -68.74, 21840,  622825.05,  702238.12, 11.02
260, -68.53, -68.72, 21840,  709742.45,  795940.62, 1.28
261, -64.27, -68.27, 21840,  665601.08,  758499.93, 1.18
262, -62.54, -67.70, 21840,  651445.29,  748462.00, 1.16
263, -60.47, -66.98, 21840,  631612.21,  715388.92, 1.21
264, -66.07, -66.89, 22260,  684280.05,  769080.01, 10.76
265, -62.68, -66.47, 22260,  649005.13,  730818.04, 1.31
266, -77.48, -67.57, 22260,  802599.69,  926894.66, 1.22
267, -61.75, -66.99, 22260,  645615.37,  725337.52, 1.19
268, -71.74, -67.46, 22260,  742632.88,  829382.93, 1.17
269, -66.06, -67.32, 22680,  684544.23,  768447.72, 10.74
270, -59.26, -66.51, 22680,  613373.04,  687914.94, 1.30
271, -60.16, -65.88, 22680,  623599.46,  722866.87, 1.19
272, -60.87, -65.38, 22680,  630607.28,  725458.71, 1.19
273, -66.27, -65.47, 22680,  688191.21,  763386.92, 1.17
274, -58.51, -64.77, 23100,  610262.01,  702788.82, 10.81
275, -68.96, -65.19, 23100,  714247.72,  789709.83, 1.35
276, -93.26, -68.00, 23100,  965377.39,  1046218.26, 1.19
277, -68.71, -68.07, 23100,  711601.46,  793058.86, 1.20
278, -64.38, -67.70, 23100,  666541.81,  743048.46, 1.21
279, -66.43, -67.57, 23520,  687982.44,  772853.11, 10.77
280, -60.11, -66.83, 23520,  628273.83,  713601.24, 1.28
281, -69.65, -67.11, 23520,  721288.83,  804510.76, 1.18
282, -63.34, -66.73, 23520,  656380.79,  731634.98, 1.20
283, -67.23, -66.78, 23520,  699638.73,  795185.47, 1.20
284, -63.48, -66.45, 23940,  657381.50,  742545.85, 11.25
285, -57.77, -65.58, 23940,  604694.33,  700063.73, 1.31
286, -84.08, -67.43, 23940,  870390.33,  991422.24, 1.15
287, -61.83, -66.87, 23940,  640810.58,  724845.71, 1.18
288, -63.61, -66.55, 23940,  660425.35,  739212.37, 1.18
289, -66.51, -66.54, 24360,  688446.12,  773767.34, 10.80
290, -66.02, -66.49, 24360,  683761.58,  771045.87, 1.31
291, -61.32, -65.97, 24360,  654909.40,  761162.54, 1.18
292, -78.37, -67.21, 24360,  811381.45,  897090.62, 1.20
293, -69.43, -67.43, 24360,  724437.76,  826514.56, 1.23
294, -62.89, -66.98, 24780,  651270.00,  735746.82, 10.87
295, -60.11, -66.29, 24780,  622390.78,  700638.27, 1.30
296, -70.13, -66.68, 24780,  731061.20,  861413.18, 1.20
297, -66.44, -66.65, 24780,  692159.76,  769159.07, 1.26
298, -64.64, -66.45, 24780,  669473.98,  767140.92, 1.18
299, -65.13, -66.32, 25200,  674605.92,  753142.21, 10.93
300, -66.04, -66.29, 25200,  683739.77,  774159.70, 1.29
301, -73.22, -66.98, 25200,  758484.28,  840585.35, 1.19
302, -64.32, -66.72, 25200,  666165.57,  776762.80, 1.17
303, -68.18, -66.86, 25200,  706746.48,  786030.66, 1.23
304, -62.95, -66.47, 25620,  651642.01,  727459.78, 10.64
305, -71.50, -66.98, 25620,  745194.17,  827080.88, 1.27
306, -63.80, -66.66, 25620,  660512.37,  745023.59, 1.16
307, -61.96, -66.19, 25620,  642399.11,  728680.49, 1.18
308, -60.44, -65.61, 25620,  627191.42,  707108.42, 1.16
309, -62.60, -65.31, 26040,  648432.68,  727661.19, 10.77
310, -61.73, -64.95, 26040,  639828.78,  725922.13, 1.27
311, -70.78, -65.54, 26040,  732874.38,  804728.08, 1.20
312, -75.18, -66.50, 26040,  778499.46,  854631.38, 1.19
313, -66.73, -66.52, 26040,  691399.35,  761311.84, 1.20
314, -71.76, -67.05, 26460,  743206.54,  824488.39, 10.85
315, -82.74, -68.62, 26460,  856799.72,  948379.28, 1.28
316, -58.30, -67.58, 26460,  609356.78,  716624.87, 1.18
317, -71.07, -67.93, 26460,  736225.12,  826134.02, 1.16
318, -62.11, -67.35, 26460,  643425.61,  722080.71, 1.19
319, -60.96, -66.71, 26880,  635379.29,  718555.03, 10.87
320, -64.57, -66.50, 26880,  673690.26,  760648.29, 1.31
321, -70.22, -66.87, 26880,  727010.71,  809297.07, 1.18
322, -70.64, -67.25, 26880,  731757.58,  844748.38, 1.19
323, -130.27, -73.55, 26880,  1351031.02,  1432111.13, 1.21
324, -62.52, -72.45, 27300,  649557.54,  734937.37, 11.00
325, -68.05, -72.01, 27300,  705211.31,  789102.34, 1.29
326, -74.91, -72.30, 27300,  779650.00,  878508.99, 1.18
327, -80.96, -73.16, 27300,  838288.30,  923450.54, 1.21
328, -90.90, -74.94, 27300,  941327.40,  1071458.06, 1.20
329, -65.85, -74.03, 27720,  682842.36,  761516.90, 10.84
330, -63.00, -72.93, 27720,  654917.55,  750997.65, 1.30
331, -76.47, -73.28, 27720,  791636.23,  900745.47, 1.21
332, -79.23, -73.87, 27720,  821520.42,  922996.62, 1.23
333, -76.99, -74.19, 27720,  797125.95,  875180.57, 1.23
334, -65.01, -73.27, 28140,  675700.67,  753843.20, 10.77
335, -76.92, -73.63, 28140,  797089.78,  894917.97, 1.30
336, -116.95, -77.97, 28140,  1210868.26,  1290267.75, 1.17
337, -65.25, -76.69, 28140,  680361.87,  779687.26, 1.17
338, -61.19, -75.14, 28140,  637759.25,  726566.99, 1.24
339, -76.37, -75.27, 28560,  794029.70,  888188.29, 10.98
340, -135.08, -81.25, 28560,  1401144.08,  1489861.66, 1.29
341, -63.82, -79.51, 28560,  661376.62,  745965.98, 1.20
342, -113.57, -82.91, 28560,  1176087.46,  1254072.80, 1.22
343, -90.85, -83.71, 28560,  940290.42,  1024262.54, 1.18
344, -65.64, -81.90, 28980,  679751.91,  775903.97, 10.73
345, -68.32, -80.54, 28980,  707241.83,  789496.54, 1.31
346, -63.07, -78.79, 28980,  653346.18,  730654.23, 1.17
347, -59.04, -76.82, 28980,  616704.59,  694566.49, 1.16
348, -67.66, -75.90, 28980,  705230.21,  794327.62, 1.18
349, -73.53, -75.67, 29400,  760834.02,  863162.10, 11.06
350, -82.53, -76.35, 29400,  854185.82,  948957.69, 1.33
351, -61.66, -74.88, 29400,  638456.79,  717961.72, 1.22
352, -77.10, -75.10, 29400,  798634.82,  876744.20, 1.17
353, -67.19, -74.31, 29400,  701918.59,  786925.32, 1.17
354, -71.98, -74.08, 29820,  745153.71,  816946.65, 11.16
355, -68.26, -73.50, 29820,  707193.05,  794297.04, 1.29
356, -65.95, -72.74, 29820,  683077.62,  760040.22, 1.19
357, -66.47, -72.11, 29820,  688660.42,  766369.03, 1.18
358, -65.31, -71.43, 29820,  677187.38,  788240.40, 1.25
359, -60.73, -70.36, 30240,  629321.65,  705454.40, 10.79
360, -81.01, -71.43, 30240,  839484.71,  982961.73, 1.30
361, -63.16, -70.60, 30240,  653973.94,  727583.67, 1.19
362, -62.97, -69.84, 30240,  652154.22,  745217.67, 1.17
363, -84.89, -71.34, 30240,  878913.61,  1008780.45, 1.18
364, -60.93, -70.30, 30660,  631665.19,  709688.34, 10.81
365, -131.05, -76.38, 30660,  1359436.96,  1455172.43, 1.36
366, -64.50, -75.19, 30660,  667710.37,  750463.33, 1.20
367, -60.80, -73.75, 30660,  629754.35,  710867.95, 1.17
368, -66.03, -72.98, 30660,  683807.37,  769640.18, 1.22
369, -65.82, -72.26, 31080,  681468.77,  761256.08, 10.87
370, -58.05, -70.84, 31080,  601285.41,  671381.87, 1.30
371, -62.37, -69.99, 31080,  646394.50,  733396.47, 1.21
372, -65.65, -69.56, 31080,  679586.38,  756775.22, 1.24
373, -128.58, -75.46, 31080,  1331181.45,  1418085.49, 1.18
374, -62.78, -74.19, 31500,  650353.78,  736048.44, 10.73
375, -101.88, -76.96, 31500,  1054751.21,  1131248.10, 1.25
376, -68.21, -76.08, 31500,  706495.92,  787791.08, 1.16
377, -69.67, -75.44, 31500,  721471.83,  798979.58, 1.18
378, -63.06, -74.21, 31500,  653189.59,  735945.17, 1.17
379, -65.63, -73.35, 31920,  679531.59,  764029.24, 10.66
380, -66.09, -72.62, 31920,  687178.67,  778875.25, 1.29
381, -83.86, -73.75, 31920,  868173.07,  955923.52, 1.16
382, -74.54, -73.83, 31920,  772674.20,  866150.03, 1.18
383, -64.52, -72.90, 31920,  668344.46,  746735.57, 1.19
384, -111.64, -76.77, 32340,  1156580.92,  1238875.46, 10.69
385, -60.00, -75.09, 32340,  620969.42,  696625.28, 1.25
386, -156.35, -83.22, 32340,  1618703.05,  1715009.65, 1.17
387, -59.67, -80.86, 32340,  622547.92,  701558.50, 1.17
388, -59.47, -78.73, 32340,  616069.18,  695211.58, 1.18
389, -61.68, -77.02, 32760,  641448.81,  737354.87, 10.74
390, -76.22, -76.94, 32760,  789512.57,  909206.64, 1.29
391, -62.59, -75.51, 32760,  648667.00,  726766.43, 1.17
392, -61.78, -74.13, 32760,  639992.57,  732788.14, 1.17
393, -73.72, -74.09, 32760,  763055.25,  859886.21, 1.17
394, -66.25, -73.31, 33180,  686098.05,  762841.02, 10.96
395, -83.55, -74.33, 33180,  864794.79,  970334.53, 1.27
396, -68.82, -73.78, 33180,  712928.44,  783761.52, 1.17
397, -60.37, -72.44, 33180,  625355.67,  709478.32, 1.18
398, -66.07, -71.80, 33180,  684486.00,  754106.77, 1.17
399, -77.60, -72.38, 33600,  804281.75,  945211.20, 10.87
400, -63.64, -71.51, 33600,  660296.78,  736078.78, 1.31
401, -68.03, -71.16, 33600,  709341.13,  802262.19, 1.20
402, -64.38, -70.48, 33600,  666703.06,  746719.00, 1.20
403, -66.14, -70.05, 33600,  684827.98,  761709.00, 1.19
404, -62.41, -69.28, 34020,  646472.95,  726842.14, 10.78
405, -63.51, -68.71, 34020,  657846.30,  728986.02, 1.30
406, -60.23, -67.86, 34020,  629727.76,  710391.32, 1.19
407, -78.15, -68.89, 34020,  809476.73,  882714.17, 1.21
408, -66.19, -68.62, 34020,  687620.62,  787388.52, 1.22
409, -64.46, -68.20, 34440,  667488.79,  758367.24, 10.83
410, -61.32, -67.51, 34440,  634780.07,  719438.27, 1.27
411, -91.05, -69.87, 34440,  948674.91,  1034126.04, 1.18
412, -67.25, -69.61, 34440,  698861.17,  785515.54, 1.16
413, -81.90, -70.83, 34440,  848964.62,  931807.47, 1.18
414, -64.67, -70.22, 34860,  670168.06,  752857.07, 10.72
415, -58.43, -69.04, 34860,  605551.38,  681809.16, 1.25
416, -64.38, -68.57, 34860,  666839.01,  751849.76, 1.19
417, -63.57, -68.07, 34860,  658313.21,  751059.64, 1.17
418, -76.93, -68.96, 34860,  796310.86,  891120.55, 1.17
419, -74.56, -69.52, 35280,  772008.19,  854907.59, 10.73
420, -61.94, -68.76, 35280,  641620.29,  719637.15, 1.34
421, -61.03, -67.99, 35280,  631975.23,  707486.90, 1.18
422, -61.24, -67.31, 35280,  634397.60,  715982.76, 1.16
423, -68.91, -67.47, 35280,  713382.48,  797448.60, 1.17
424, -62.76, -67.00, 35700,  649440.13,  732071.14, 10.72
425, -69.15, -67.22, 35700,  719124.96,  808604.95, 1.28
426, -70.10, -67.51, 35700,  726276.21,  807293.15, 1.19
427, -61.41, -66.90, 35700,  637251.21,  718405.11, 1.22
428, -64.14, -66.62, 35700,  664704.49,  742319.42, 1.24
429, -79.06, -67.86, 36120,  818534.15,  902220.06, 10.81
430, -66.00, -67.68, 36120,  687517.58,  797599.42, 1.33
431, -81.08, -69.02, 36120,  839626.06,  921874.33, 1.20
432, -61.85, -68.30, 36120,  640653.08,  722037.89, 1.22
433, -62.24, -67.70, 36120,  649192.51,  726474.94, 1.21
434, -65.05, -67.43, 36540,  674461.02,  771060.37, 10.87
435, -73.15, -68.00, 36540,  757327.52,  836405.39, 1.28
436, -66.31, -67.83, 36540,  689388.49,  774719.78, 1.17
437, -59.29, -66.98, 36540,  617483.46,  688530.43, 1.19
438, -75.29, -67.81, 36540,  779566.90,  872727.29, 1.18
439, -69.26, -67.95, 36960,  717609.47,  814710.23, 10.77
440, -66.21, -67.78, 36960,  685450.27,  771770.85, 1.31
441, -74.49, -68.45, 36960,  771325.58,  846020.41, 1.19
442, -69.67, -68.57, 36960,  724753.33,  800481.92, 1.21
443, -96.05, -71.32, 36960,  994239.23,  1077886.55, 1.19
444, -72.86, -71.48, 37380,  754498.90,  826508.45, 10.83
445, -65.56, -70.88, 37380,  679132.34,  763323.62, 1.31
446, -73.79, -71.17, 37380,  764396.55,  847596.19, 1.19
447, -138.61, -77.92, 37380,  1434700.11,  1513963.80, 1.19
448, -64.33, -76.56, 37380,  665936.27,  742307.27, 1.17
449, -63.42, -75.25, 37800,  657064.16,  735170.76, 10.74
450, -62.57, -73.98, 37800,  648131.06,  733041.45, 1.27
451, -73.96, -73.98, 37800,  765864.69,  843918.77, 1.16
452, -71.03, -73.68, 37800,  741232.52,  845368.86, 1.18
453, -61.70, -72.48, 37800,  638671.32,  708969.10, 1.16
454, -68.40, -72.08, 38220,  708453.72,  786077.51, 10.77
455, -71.58, -72.03, 38220,  742007.97,  828347.12, 1.31
456, -62.50, -71.07, 38220,  647177.22,  742636.25, 1.18
457, -66.70, -70.64, 38220,  692212.40,  798620.00, 1.16
458, -66.55, -70.23, 38220,  691825.90,  789214.20, 1.19
459, -60.56, -69.26, 38640,  627112.09,  703234.21, 10.70
460, -62.78, -68.61, 38640,  650173.27,  734468.47, 1.26
461, -59.04, -67.66, 38640,  611872.75,  689792.60, 1.17
462, -64.53, -67.34, 38640,  668288.51,  752246.34, 1.15
463, -62.30, -66.84, 38640,  644901.91,  731944.04, 1.17
464, -66.12, -66.77, 39060,  684930.83,  780235.64, 10.84
465, -62.76, -66.37, 39060,  650072.61,  738238.25, 1.30
466, -64.42, -66.17, 39060,  667080.79,  741847.32, 1.17
467, -78.61, -67.42, 39060,  813971.22,  893800.76, 1.20
468, -63.30, -67.00, 39060,  656280.88,  732318.85, 1.17
469, -79.81, -68.28, 39480,  826463.65,  906687.50, 10.83
470, -62.00, -67.66, 39480,  641845.79,  716139.09, 1.31
471, -64.66, -67.36, 39480,  670406.93,  753683.61, 1.19
472, -135.01, -74.12, 39480,  1397383.86,  1490011.73, 1.20
473, -166.75, -83.38, 39480,  1729275.90,  1817824.05, 1.19
474, -80.65, -83.11, 39900,  834993.83,  948530.80, 11.16
475, -59.25, -80.73, 39900,  616010.60,  704585.31, 1.26
476, -67.30, -79.38, 39900,  696756.54,  781534.46, 1.16
477, -61.68, -77.61, 39900,  643202.59,  730451.79, 1.17
478, -63.67, -76.22, 39900,  658863.14,  744107.64, 1.18
479, -60.30, -74.63, 40320,  624805.72,  706987.08, 10.86
480, -59.37, -73.10, 40320,  617298.77,  699549.96, 1.26
481, -71.90, -72.98, 40320,  749362.17,  836585.26, 1.18
482, -62.25, -71.91, 40320,  644280.33,  724548.62, 1.20
483, -67.27, -71.44, 40320,  696717.62,  773751.36, 1.20
484, -71.46, -71.45, 40740,  740044.29,  823032.27, 10.87
485, -63.43, -70.64, 40740,  657247.57,  750452.18, 1.28
486, -138.30, -77.41, 40740,  1431794.01,  1512441.71, 1.20
487, -66.47, -76.32, 40740,  688640.05,  763519.31, 1.19
488, -73.24, -76.01, 40740,  759273.02,  841883.74, 1.17
489, -61.51, -74.56, 41160,  637004.32,  722850.13, 10.76
490, -61.25, -73.23, 41160,  634509.83,  726579.22, 1.26
491, -60.90, -71.99, 41160,  630834.46,  709058.61, 1.17
492, -62.89, -71.08, 41160,  656425.38,  741307.57, 1.17
493, -63.16, -70.29, 41160,  654043.98,  735242.91, 1.17
494, -62.61, -69.52, 41580,  649414.76,  737054.72, 10.76
495, -88.63, -71.43, 41580,  917955.50,  1004360.11, 1.27
496, -62.92, -70.58, 41580,  655831.60,  746086.37, 1.18
497, -67.63, -70.29, 41580,  700305.53,  771143.29, 1.16
498, -65.08, -69.77, 41580,  674173.38,  745707.53, 1.17
499, -58.89, -68.68, 42000,  612827.36,  690026.54, 10.65
500, -65.78, -68.39, 42000,  683424.57,  778810.78, 1.29
501, -71.90, -68.74, 42000,  744314.12,  825862.62, 1.18
502, -62.73, -68.14, 42000,  649613.30,  732396.52, 1.21
503, -63.29, -67.65, 42000,  655737.11,  736369.43, 1.22
504, -79.16, -68.81, 42420,  819950.79,  902848.50, 10.74
505, -67.48, -68.67, 42420,  704704.68,  787929.80, 1.28
506, -61.65, -67.97, 42420,  638291.98,  715072.44, 1.17
507, -66.00, -67.77, 42420,  683369.01,  777966.97, 1.17
508, -69.51, -67.95, 42420,  719806.40,  802300.85, 1.17
509, -59.30, -67.08, 42840,  614063.94,  692663.99, 10.81
510, -60.06, -66.38, 42840,  622300.25,  702339.46, 1.32
511, -125.11, -72.25, 42840,  1296632.18,  1379899.75, 1.19
512, -59.93, -71.02, 42840,  621074.43,  708717.47, 1.21
513, -59.45, -69.86, 42840,  615890.48,  698963.19, 1.19
514, -68.75, -69.75, 43260,  711978.74,  788341.79, 11.04
515, -62.61, -69.04, 43260,  648741.77,  732719.30, 1.28
516, -63.77, -68.51, 43260,  661392.97,  739568.95, 1.20
517, -73.05, -68.96, 43260,  756296.48,  847062.35, 1.18
518, -66.96, -68.76, 43260,  693279.82,  767845.45, 1.22
519, -125.46, -74.43, 43680,  1298760.93,  1379547.43, 10.85
520, -64.50, -73.44, 43680,  668105.31,  747061.67, 1.32
521, -67.37, -72.83, 43680,  697968.00,  778264.25, 1.19
522, -69.31, -72.48, 43680,  718309.52,  787510.67, 1.23
523, -67.27, -71.96, 43680,  697956.19,  783204.67, 1.20
524, -65.16, -71.28, 44100,  674659.03,  765431.73, 10.76
525, -65.38, -70.69, 44100,  676995.54,  762291.25, 1.29
526, -62.70, -69.89, 44100,  650937.11,  729841.93, 1.17
527, -86.07, -71.51, 44100,  892072.19,  989099.27, 1.17
528, -62.62, -70.62, 44100,  648661.04,  733892.69, 1.18
529, -71.95, -70.75, 44520,  745100.91,  824750.49, 10.68
530, -60.71, -69.75, 44520,  632185.40,  718667.76, 1.31
531, -62.09, -68.98, 44520,  642847.67,  725699.86, 1.17
532, -64.04, -68.49, 44520,  663314.72,  736828.28, 1.19
533, -100.65, -71.71, 44520,  1041740.33,  1126855.35, 1.17
534, -60.80, -70.62, 44940,  629277.74,  730474.76, 11.03
535, -61.99, -69.75, 44940,  642594.90,  723061.93, 1.29
536, -73.02, -70.08, 44940,  760733.96,  861384.73, 1.18
537, -78.09, -70.88, 44940,  809292.58,  889289.72, 1.18
538, -68.40, -70.63, 44940,  708390.07,  796243.66, 1.17
539, -70.55, -70.62, 45360,  730315.39,  816690.14, 10.79
540, -60.56, -69.62, 45360,  627267.06,  707646.50, 1.31
541, -64.74, -69.13, 45360,  670416.07,  744354.89, 1.18
542, -58.35, -68.05, 45360,  604757.36,  683404.99, 1.18
543, -64.02, -67.65, 45360,  668535.54,  747638.87, 1.18
544, -66.03, -67.49, 45780,  683997.08,  763976.22, 10.76
545, -64.80, -67.22, 45780,  671017.29,  776198.58, 1.34
546, -73.56, -67.85, 45780,  761660.98,  885117.42, 1.20
547, -69.95, -68.06, 45780,  724348.05,  806573.37, 1.21
548, -68.41, -68.10, 45780,  708927.03,  791378.50, 1.18
549, -61.02, -67.39, 46200,  637894.71,  727999.46, 10.83
550, -74.12, -68.06, 46200,  767749.79,  844570.26, 1.30
551, -61.44, -67.40, 46200,  637388.00,  724029.12, 1.19
552, -67.97, -67.46, 46200,  703989.40,  809311.62, 1.18
553, -61.37, -66.85, 46200,  635531.63,  717436.05, 1.20
554, -69.07, -67.07, 46620,  715134.12,  800064.75, 10.75
555, -65.51, -66.91, 46620,  678569.28,  760558.22, 1.28
556, -61.22, -66.35, 46620,  634215.74,  714740.35, 1.17
557, -64.08, -66.12, 46620,  663686.25,  747382.45, 1.18
558, -65.68, -66.07, 46620,  680417.04,  754835.74, 1.19
559, -61.07, -65.57, 47040,  632598.16,  704027.49, 10.90
560, -83.66, -67.38, 47040,  875350.63,  974126.21, 1.32
561, -78.19, -68.46, 47040,  811522.00,  888597.70, 1.17
562, -72.68, -68.89, 47040,  753325.41,  848665.05, 1.19
563, -76.82, -69.68, 47040,  796110.69,  889318.61, 1.19
564, -74.10, -70.12, 47460,  767379.16,  870863.34, 10.80
565, -70.42, -70.15, 47460,  731242.21,  835101.08, 1.29
566, -68.17, -69.95, 47460,  705824.58,  781499.33, 1.18
567, -67.59, -69.72, 47460,  700260.75,  789156.92, 1.19
568, -66.01, -69.35, 47460,  684188.04,  756724.00, 1.17
569, -72.75, -69.69, 47880,  753241.27,  845191.10, 10.74
570, -72.21, -69.94, 47880,  748663.21,  868661.51, 1.32
571, -63.91, -69.34, 47880,  662352.87,  743633.69, 1.18
572, -66.45, -69.05, 47880,  688783.62,  769403.33, 1.16
573, -86.70, -70.81, 47880,  897582.74,  1001469.92, 1.19
574, -59.80, -69.71, 48300,  620178.42,  711903.52, 10.74
575, -93.82, -72.12, 48300,  971223.44,  1058687.41, 1.30
576, -74.77, -72.39, 48300,  774077.74,  853179.37, 1.23
577, -62.02, -71.35, 48300,  642211.12,  717352.48, 1.25
578, -58.63, -70.08, 48300,  610872.16,  693658.07, 1.22
579, -64.98, -69.57, 48720,  677652.99,  785464.19, 11.35
580, -67.06, -69.32, 48720,  695001.22,  782828.12, 1.30
581, -68.15, -69.20, 48720,  707012.09,  794209.11, 1.18
582, -65.54, -68.84, 48720,  678548.92,  764711.23, 1.18
583, -98.97, -71.85, 48720,  1029625.93,  1106852.92, 1.20
584, -59.86, -70.65, 49140,  620164.26,  690078.32, 10.75
585, -62.89, -69.87, 49140,  651024.79,  731534.77, 1.31
586, -72.57, -70.14, 49140,  751387.22,  826699.08, 1.21
587, -75.29, -70.66, 49140,  781414.38,  867980.57, 1.17
588, -60.66, -69.66, 49140,  628272.33,  709394.15, 1.20
589, -68.98, -69.59, 49560,  714353.40,  791290.65, 10.83
590, -102.63, -72.89, 49560,  1062340.29,  1141288.78, 1.32
591, -77.08, -73.31, 49560,  800432.16,  896232.03, 1.20
592, -123.82, -78.36, 49560,  1281781.60,  1357331.28, 1.16
593, -88.66, -79.39, 49560,  921999.26,  1035739.42, 1.20
594, -59.83, -77.44, 49980,  619282.22,  702221.00, 10.98
595, -69.93, -76.69, 49980,  723835.43,  817521.54, 1.31
596, -63.00, -75.32, 49980,  655102.15,  731201.14, 1.16
597, -59.92, -73.78, 49980,  621273.38,  699994.41, 1.19
598, -59.99, -72.40, 49980,  621449.92,  702124.58, 1.23
599, -79.55, -73.11, 50400,  823588.21,  908208.71, 11.01
600, -64.60, -72.26, 50400,  669078.96,  754811.26, 1.31
601, -82.71, -73.31, 50400,  856863.17,  949889.45, 1.19
602, -88.94, -74.87, 50400,  920838.59,  997222.23, 1.19
603, -65.03, -73.89, 50400,  673449.60,  749476.27, 1.17
604, -68.58, -73.36, 50820,  715420.92,  818848.35, 10.80
605, -61.13, -72.13, 50820,  638065.57,  734937.58, 1.27
606, -60.81, -71.00, 50820,  635502.40,  725433.42, 1.16
607, -64.04, -70.30, 50820,  666115.31,  767252.00, 1.18
608, -66.96, -69.97, 50820,  700900.74,  779494.29, 1.20
609, -64.88, -69.46, 51240,  671775.36,  759429.27, 10.68
610, -67.59, -69.27, 51240,  699781.43,  779350.81, 1.26
611, -62.13, -68.56, 51240,  643490.31,  723282.87, 1.22
612, -69.86, -68.69, 51240,  723590.72,  801206.56, 1.19
613, -62.54, -68.07, 51240,  649913.61,  751468.78, 1.16
614, -69.17, -68.18, 51660,  716287.20,  793358.91, 10.79
615, -68.28, -68.19, 51660,  707712.14,  782012.33, 1.29
616, -62.90, -67.66, 51660,  651009.33,  742946.84, 1.17
617, -59.06, -66.80, 51660,  612808.16,  704984.05, 1.17
618, -73.57, -67.48, 51660,  761343.06,  848538.48, 1.18
619, -63.78, -67.11, 52080,  660865.71,  740042.12, 10.77
620, -59.64, -66.36, 52080,  617912.20,  692681.94, 1.32
621, -70.99, -66.83, 52080,  735259.51,  824093.01, 1.18
622, -65.58, -66.70, 52080,  679153.38,  759546.24, 1.16
623, -71.51, -67.18, 52080,  740691.13,  823212.13, 1.18
624, -62.67, -66.73, 52500,  649224.67,  746490.77, 10.79
625, -66.17, -66.68, 52500,  685120.99,  771572.19, 1.30
626, -63.30, -66.34, 52500,  655477.62,  727920.41, 1.20
627, -64.07, -66.11, 52500,  669813.31,  767658.07, 1.17
628, -85.15, -68.02, 52500,  881391.94,  969468.08, 1.18
629, -65.15, -67.73, 52920,  674922.25,  763012.17, 10.72
630, -62.37, -67.19, 52920,  646196.50,  727597.99, 1.30
631, -61.93, -66.67, 52920,  641246.02,  726294.84, 1.19
632, -73.85, -67.39, 52920,  764872.84,  845689.81, 1.18
633, -64.51, -67.10, 52920,  668232.55,  739689.02, 1.19
634, -64.51, -66.84, 53340,  673394.81,  754776.66, 10.95
635, -63.48, -66.50, 53340,  662612.22,  741608.67, 1.30
636, -64.48, -66.30, 53340,  668033.62,  752762.40, 1.17
637, -60.45, -65.72, 53340,  626061.83,  705813.52, 1.17
638, -63.79, -65.52, 53340,  660797.96,  763276.83, 1.21
639, -61.68, -65.14, 53760,  641789.26,  721215.49, 10.65
640, -63.89, -65.01, 53760,  661553.23,  743392.22, 1.33
641, -71.04, -65.62, 53760,  735742.01,  823007.76, 1.17
642, -128.69, -71.92, 53760,  1335029.17,  1434844.07, 1.19
643, -65.78, -71.31, 53760,  681334.46,  764829.92, 1.17
644, -78.01, -71.98, 54180,  807954.53,  900129.05, 10.69
645, -65.35, -71.32, 54180,  676841.37,  760929.25, 1.25
646, -70.34, -71.22, 54180,  728362.50,  815339.21, 1.17
647, -71.16, -71.21, 54180,  737352.55,  813151.46, 1.17
648, -60.28, -70.12, 54180,  624894.87,  699313.62, 1.17
649, -60.51, -69.16, 54600,  627961.12,  698244.00, 10.66
650, -64.03, -68.65, 54600,  662928.20,  750281.31, 1.27
651, -64.26, -68.21, 54600,  665675.36,  762269.97, 1.20
652, -79.08, -69.29, 54600,  819110.93,  898672.36, 1.23
653, -64.37, -68.80, 54600,  671949.26,  756087.22, 1.25
654, -83.13, -70.23, 55020,  861182.25,  942522.30, 10.85
655, -68.68, -70.08, 55020,  711116.95,  783796.55, 1.30
656, -74.88, -70.56, 55020,  775382.87,  857072.90, 1.23
657, -61.02, -69.60, 55020,  632524.01,  708161.41, 1.21
658, -63.94, -69.04, 55020,  664243.51,  747612.42, 1.19
659, -60.67, -68.20, 55440,  628392.32,  699578.79, 10.80
660, -62.78, -67.66, 55440,  650934.10,  738791.99, 1.29
661, -66.85, -67.58, 55440,  692087.43,  777181.00, 1.19
662, -67.93, -67.61, 55440,  703444.44,  786630.53, 1.19
663, -73.09, -68.16, 55440,  757628.30,  859155.13, 1.18
664, -67.03, -68.05, 55860,  694296.53,  804549.62, 10.78
665, -67.33, -67.98, 55860,  697365.68,  774365.33, 1.27
666, -62.05, -67.38, 55860,  643303.98,  725718.48, 1.23
667, -60.33, -66.68, 55860,  625069.88,  729454.13, 1.23
668, -117.76, -71.79, 55860,  1218900.30,  1302014.88, 1.17
669, -66.01, -71.21, 56280,  683669.90,  781108.85, 10.75
670, -71.36, -71.22, 56280,  739013.63,  815312.30, 1.33
671, -66.71, -70.77, 56280,  690836.44,  777043.94, 1.21
672, -66.06, -70.30, 56280,  684221.58,  762757.77, 1.18
673, -65.24, -69.80, 56280,  675589.59,  751068.19, 1.20
674, -86.81, -71.50, 56700,  898827.74,  1006981.02, 10.87
675, -68.35, -71.18, 56700,  709453.82,  790681.50, 1.34
676, -76.30, -71.69, 56700,  790165.64,  869613.44, 1.20
677, -131.69, -77.69, 56700,  1366345.22,  1444742.03, 1.20
678, -71.60, -77.08, 56700,  742486.25,  836483.61, 1.17
679, -64.51, -75.83, 57120,  668172.33,  768578.58, 10.66
680, -61.18, -74.36, 57120,  636660.31,  713913.88, 1.27
681, -74.24, -74.35, 57120,  768474.53,  855443.10, 1.20
682, -62.83, -73.20, 57120,  650477.08,  723232.65, 1.22
683, -65.82, -72.46, 57120,  681840.83,  788932.64, 1.20
684, -139.17, -79.13, 57540,  1440629.78,  1512999.16, 10.86
685, -67.64, -77.98, 57540,  700819.44,  785009.08, 1.32
686, -59.37, -76.12, 57540,  614766.77,  688678.06, 1.21
687, -75.26, -76.04, 57540,  779156.65,  856830.11, 1.20
688, -69.54, -75.39, 57540,  720081.99,  800984.02, 1.18
689, -66.74, -74.52, 57960,  691205.92,  776553.75, 10.72
690, -73.70, -74.44, 57960,  763291.84,  845316.36, 1.27
691, -59.40, -72.94, 57960,  614909.81,  694767.14, 1.18
692, -70.55, -72.70, 57960,  730769.27,  826020.32, 1.18
693, -61.53, -71.58, 57960,  642427.00,  734008.03, 1.17
694, -65.54, -70.98, 58380,  678960.17,  760748.04, 10.71
695, -59.58, -69.84, 58380,  617708.84,  695836.67, 1.28
696, -69.08, -69.76, 58380,  715858.49,  814182.05, 1.18
697, -67.45, -69.53, 58380,  698412.20,  781746.96, 1.18
698, -60.93, -68.67, 58380,  631141.16,  706463.48, 1.15
699, -75.36, -69.34, 58800,  780322.75,  880263.48, 10.72
700, -66.43, -69.05, 58800,  688065.17,  772957.87, 1.31
701, -78.46, -69.99, 58800,  812299.08,  902762.54, 1.18
702, -76.66, -70.66, 58800,  797474.14,  889492.48, 1.17
703, -97.37, -73.33, 58800,  1008401.91,  1109832.94, 1.17
704, -60.69, -72.06, 59220,  628671.47,  718685.93, 10.76
705, -74.59, -72.32, 59220,  772158.26,  851749.22, 1.27
706, -64.64, -71.55, 59220,  669530.66,  748469.88, 1.19
707, -67.04, -71.10, 59220,  694394.21,  771314.02, 1.17
708, -62.94, -70.28, 59220,  651952.34,  732219.36, 1.17
709, -78.03, -71.06, 59640,  807802.22,  885872.19, 10.92
710, -62.95, -70.25, 59640,  654063.03,  732006.78, 1.31
711, -63.49, -69.57, 59640,  657559.93,  750774.81, 1.17
712, -65.53, -69.17, 59640,  678692.82,  758731.00, 1.18
713, -60.19, -68.27, 59640,  629039.73,  707089.22, 1.17
714, -80.25, -69.47, 60060,  830966.05,  910965.42, 10.69
715, -86.85, -71.21, 60060,  899385.56,  983250.15, 1.28
716, -72.69, -71.35, 60060,  753047.77,  863366.51, 1.17
717, -62.87, -70.51, 60060,  651302.99,  726903.02, 1.19
718, -76.79, -71.13, 60060,  798991.01,  882876.72, 1.16
719, -59.07, -69.93, 60480,  611954.65,  690046.28, 10.71
720, -59.12, -68.85, 60480,  612326.22,  691589.32, 1.24
721, -66.56, -68.62, 60480,  689979.47,  767561.34, 1.16
722, -58.21, -67.58, 60480,  607790.20,  679527.46, 1.16
723, -62.32, -67.05, 60480,  646007.98,  727931.91, 1.17
724, -72.19, -67.57, 60900,  748454.85,  838332.67, 10.66
725, -65.66, -67.37, 60900,  684939.41,  796145.67, 1.28
726, -68.70, -67.51, 60900,  711698.59,  794646.36, 1.18
727, -72.27, -67.98, 60900,  754222.64,  846247.70, 1.17
728, -81.28, -69.31, 60900,  841573.26,  932174.31, 1.19
729, -64.48, -68.83, 61320,  668382.07,  763414.08, 10.81
730, -70.14, -68.96, 61320,  727698.78,  821811.41, 1.32
731, -66.51, -68.72, 61320,  688658.05,  776431.90, 1.20
732, -76.03, -69.45, 61320,  792709.58,  909314.62, 1.17
733, -61.66, -68.67, 61320,  644418.52,  733947.36, 1.17
734, -63.54, -68.16, 61740,  658153.44,  744429.60, 10.70
735, -75.05, -68.85, 61740,  777454.52,  894411.28, 1.28
736, -66.24, -68.59, 61740,  685916.36,  757473.36, 1.18
737, -66.16, -68.34, 61740,  685423.81,  757154.81, 1.20
738, -68.03, -68.31, 61740,  704683.34,  794933.07, 1.18
739, -60.96, -67.58, 62160,  632914.02,  721354.56, 10.85
740, -57.74, -66.59, 62160,  603034.39,  717031.04, 1.31
741, -64.70, -66.40, 62160,  670606.14,  758553.19, 1.16
742, -68.16, -66.58, 62160,  706414.30,  792565.31, 1.17
743, -61.28, -66.05, 62160,  634598.62,  723120.37, 1.16
744, -64.53, -65.90, 62580,  668756.54,  772922.36, 10.76
745, -62.52, -65.56, 62580,  649297.68,  726500.15, 1.27
746, -60.85, -65.09, 62580,  630407.22,  732908.52, 1.17
747, -66.48, -65.23, 62580,  688794.06,  768087.09, 1.21
748, -60.02, -64.71, 62580,  621825.20,  703504.58, 1.22
749, -77.72, -66.01, 63000,  804901.39,  885222.05, 10.79
750, -73.21, -66.73, 63000,  758206.10,  834990.84, 1.26
751, -82.45, -68.30, 63000,  853604.36,  934146.49, 1.19
752, -62.95, -67.77, 63000,  652110.30,  738293.79, 1.18
753, -62.72, -67.26, 63000,  649548.96,  732374.62, 1.14
754, -63.21, -66.86, 63420,  654938.04,  740578.92, 10.81
755, -61.97, -66.37, 63420,  641792.29,  723272.14, 1.27
756, -61.37, -65.87, 63420,  635632.41,  721629.12, 1.17
757, -62.90, -65.57, 63420,  651445.13,  735397.28, 1.18
758, -98.48, -68.86, 63420,  1019573.75,  1106488.69, 1.18
759, -62.67, -68.24, 63840,  649845.04,  727448.81, 10.67
760, -73.67, -68.79, 63840,  763199.96,  840418.02, 1.27
761, -66.65, -68.57, 63840,  690877.13,  781363.47, 1.17
762, -62.21, -67.94, 63840,  644544.21,  721267.08, 1.18
763, -67.49, -67.89, 63840,  698968.48,  794568.54, 1.18
764, -142.15, -75.32, 64260,  1471036.41,  1558017.31, 10.70
765, -71.22, -74.91, 64260,  737447.21,  818270.61, 1.34
766, -65.47, -73.96, 64260,  677468.69,  756454.87, 1.22
767, -68.33, -73.40, 64260,  713003.79,  817965.55, 1.20
768, -62.44, -72.30, 64260,  648043.75,  734717.40, 1.20
769, -102.89, -75.36, 64680,  1065091.00,  1169638.87, 10.81
770, -64.10, -74.24, 64680,  663963.92,  751156.29, 1.31
771, -63.91, -73.20, 64680,  661892.60,  739348.95, 1.22
772, -75.08, -73.39, 64680,  777535.31,  868579.33, 1.19
773, -59.11, -71.96, 64680,  613894.67,  702372.93, 1.21
774, -67.37, -71.50, 65100,  697879.50,  774339.68, 10.91
775, -65.94, -70.95, 65100,  682870.09,  776447.44, 1.27
776, -58.16, -69.67, 65100,  605059.63,  694351.29, 1.19
777, -59.67, -68.67, 65100,  617969.86,  695930.42, 1.19
778, -65.84, -68.39, 65100,  682369.29,  764795.25, 1.24
779, -63.37, -67.88, 65520,  661488.82,  747868.80, 10.72
780, -79.66, -69.06, 65520,  824785.11,  915886.71, 1.28
781, -72.18, -69.37, 65520,  747739.34,  828311.17, 1.19
782, -62.07, -68.64, 65520,  644039.43,  724802.48, 1.18
783, -61.66, -67.94, 65520,  639021.98,  717719.89, 1.19
784, -60.41, -67.19, 65940,  629519.70,  719372.97, 10.80
785, -65.36, -67.01, 65940,  676918.85,  758312.91, 1.33
786, -77.69, -68.08, 65940,  804495.79,  924639.50, 1.19
787, -74.30, -68.70, 65940,  769253.71,  867254.13, 1.21
788, -67.31, -68.56, 65940,  704308.67,  810852.10, 1.19
789, -59.49, -67.65, 66360,  620979.82,  699345.05, 10.93
790, -74.74, -68.36, 66360,  773944.37,  846858.63, 1.26
791, -78.99, -69.42, 66360,  818008.62,  946997.13, 1.23
792, -59.31, -68.41, 66360,  616806.48,  703242.78, 1.18
793, -71.90, -68.76, 66360,  763853.70,  853489.40, 1.18
794, -62.95, -68.18, 66780,  651727.86,  726791.17, 10.73
795, -72.26, -68.59, 66780,  748342.76,  843609.36, 1.26
796, -80.50, -69.78, 66780,  833588.93,  974251.21, 1.16
797, -65.10, -69.31, 66780,  673932.33,  761758.04, 1.16
798, -65.47, -68.93, 66780,  677931.47,  752918.94, 1.17
799, -72.95, -69.33, 67200,  755466.13,  835588.52, 10.69
800, -66.76, -69.07, 67200,  691439.66,  770635.99, 1.27
801, -67.78, -68.94, 67200,  701978.99,  787405.37, 1.16
802, -69.71, -69.02, 67200,  721885.06,  806249.13, 1.16
803, -61.28, -68.25, 67200,  639720.94,  731462.21, 1.16
804, -63.17, -67.74, 67620,  654213.24,  736441.66, 10.86
805, -65.36, -67.50, 67620,  677888.48,  781052.11, 1.29
806, -60.49, -66.80, 67620,  632438.93,  716000.70, 1.18
807, -74.56, -67.58, 67620,  772704.10,  861462.45, 1.19
808, -84.82, -69.30, 67620,  878051.48,  977504.81, 1.16
809, -69.22, -69.29, 68040,  716974.46,  814599.01, 10.82
810, -75.04, -69.87, 68040,  777226.79,  852840.90, 1.28
811, -86.46, -71.53, 68040,  895298.28,  1003608.29, 1.20
812, -78.13, -72.19, 68040,  815857.14,  905734.62, 1.18
813, -70.91, -72.06, 68040,  734288.00,  820539.23, 1.19
814, -64.22, -71.28, 68460,  664859.33,  751478.47, 10.68
815, -68.89, -71.04, 68460,  713233.26,  796589.35, 1.30
816, -59.38, -69.87, 68460,  623900.68,  707957.99, 1.21
817, -72.61, -70.14, 68460,  752024.08,  834620.19, 1.19
818, -79.42, -71.07, 68460,  823247.58,  973796.48, 1.19
819, -68.34, -70.80, 68880,  707567.81,  792022.90, 10.90
820, -68.94, -70.61, 68880,  720463.73,  811410.61, 1.27
821, -78.47, -71.40, 68880,  812656.19,  913776.71, 1.19
822, -71.48, -71.41, 68880,  740673.64,  822778.09, 1.21
823, -64.89, -70.76, 68880,  674405.53,  764872.10, 1.19
824, -66.15, -70.29, 69300,  684996.71,  762618.48, 10.93
825, -61.44, -69.41, 69300,  636326.52,  716467.65, 1.29
826, -65.97, -69.07, 69300,  684670.22,  765673.67, 1.18
827, -68.02, -68.96, 69300,  704748.41,  796033.92, 1.16
828, -74.52, -69.52, 69300,  773349.46,  904283.57, 1.17
829, -70.77, -69.64, 69720,  733193.27,  832134.98, 10.65
830, -65.13, -69.19, 69720,  674528.53,  764678.01, 1.25
831, -64.55, -68.73, 69720,  669894.35,  765442.84, 1.18
832, -60.16, -67.87, 69720,  631299.43,  725517.76, 1.17
833, -79.59, -69.04, 69720,  829075.97,  923157.17, 1.22
834, -73.21, -69.46, 70140,  758212.36,  853544.15, 10.94
835, -71.04, -69.62, 70140,  735501.87,  852868.27, 1.28
836, -61.81, -68.84, 70140,  659015.18,  745179.25, 1.17
837, -68.99, -68.85, 70140,  716479.01,  792640.32, 1.21
838, -64.59, -68.43, 70140,  669521.59,  756763.97, 1.19
839, -64.83, -68.07, 70560,  671054.49,  758070.84, 10.70
840, -68.54, -68.11, 70560,  709914.24,  801012.76, 1.37
841, -74.73, -68.78, 70560,  773745.59,  868723.84, 1.21
842, -62.69, -68.17, 70560,  648702.12,  724983.09, 1.22
843, -65.57, -67.91, 70560,  678772.32,  755235.17, 1.19
844, -79.89, -69.11, 70980,  827223.23,  963392.96, 10.88
845, -62.11, -68.41, 70980,  643406.66,  720402.26, 1.28
846, -65.05, -68.07, 70980,  673511.35,  780671.23, 1.19
847, -60.42, -67.31, 70980,  627699.23,  709492.75, 1.19
848, -71.67, -67.74, 70980,  747159.49,  847117.72, 1.20
849, -60.37, -67.01, 71400,  629142.32,  733225.02, 10.80
850, -68.34, -67.14, 71400,  710294.04,  845376.19, 1.28
851, -69.39, -67.36, 71400,  718557.19,  790433.45, 1.18
852, -67.78, -67.41, 71400,  703203.49,  794636.98, 1.18
853, -61.50, -66.81, 71400,  636493.20,  715616.17, 1.19
854, -76.83, -67.82, 71820,  795415.15,  885191.06, 10.77
855, -67.09, -67.74, 71820,  695126.97,  787876.04, 1.33
856, -59.32, -66.90, 71820,  614369.25,  686595.87, 1.23
857, -65.78, -66.79, 71820,  682084.45,  785723.59, 1.24
858, -62.00, -66.31, 71820,  648139.76,  752702.22, 1.21
859, -59.44, -65.62, 72240,  616665.95,  712806.18, 10.87
860, -99.95, -69.06, 72240,  1036774.92,  1135545.74, 1.29
861, -68.03, -68.95, 72240,  704548.94,  782860.61, 1.21
862, -62.93, -68.35, 72240,  651577.21,  728792.61, 1.19
863, -80.24, -69.54, 72240,  830935.77,  914383.67, 1.19
864, -73.77, -69.96, 72660,  764911.38,  848781.00, 10.71
865, -69.50, -69.92, 72660,  719913.13,  801506.15, 1.28
866, -125.81, -75.51, 72660,  1302308.65,  1394100.00, 1.17
867, -64.57, -74.41, 72660,  668733.57,  740396.90, 1.20
868, -76.33, -74.60, 72660,  790366.96,  873661.81, 1.17
869, -71.54, -74.30, 73080,  740668.15,  830996.76, 10.72
870, -60.34, -72.90, 73080,  627698.07,  713025.76, 1.29
871, -64.08, -72.02, 73080,  665687.39,  742611.68, 1.17
872, -86.67, -73.49, 73080,  910143.05,  1000250.13, 1.16
873, -75.76, -73.71, 73080,  784726.51,  899781.58, 1.16
874, -68.18, -73.16, 73500,  706038.41,  801583.45, 10.76
875, -75.32, -73.38, 73500,  780143.17,  899185.00, 1.30
876, -63.61, -72.40, 73500,  661894.03,  738489.79, 1.18
877, -78.58, -73.02, 73500,  820386.29,  947648.82, 1.18
878, -76.95, -73.41, 73500,  796833.54,  892681.14, 1.17
879, -87.28, -74.80, 73920,  904302.79,  1011440.00, 10.78
880, -64.09, -73.73, 73920,  664034.94,  738532.08, 1.31
881, -72.35, -73.59, 73920,  751751.51,  840071.00, 1.18
882, -62.41, -72.47, 73920,  649851.02,  724813.97, 1.19
883, -63.87, -71.61, 73920,  661247.87,  784932.38, 1.17
884, -80.09, -72.46, 74340,  829238.39,  931953.94, 10.73
885, -63.50, -71.56, 74340,  661247.74,  754403.53, 1.29
886, -70.49, -71.46, 74340,  730108.71,  809245.54, 1.20
887, -68.10, -71.12, 74340,  705062.45,  788089.58, 1.22
888, -76.31, -71.64, 74340,  790176.94,  931069.67, 1.18
889, -65.52, -71.03, 74760,  678358.12,  781085.79, 10.78
890, -65.18, -70.44, 74760,  677387.34,  780722.92, 1.27
891, -63.12, -69.71, 74760,  658348.88,  742710.90, 1.18
892, -100.34, -72.77, 74760,  1039086.51,  1164243.14, 1.18
893, -59.01, -71.40, 74760,  614100.37,  712219.03, 1.20
894, -67.91, -71.05, 75180,  704175.30,  775893.93, 10.79
895, -66.76, -70.62, 75180,  691595.96,  767949.72, 1.30
896, -67.61, -70.32, 75180,  699979.67,  788585.31, 1.18
897, -74.42, -70.73, 75180,  770779.00,  858349.00, 1.18
898, -65.92, -70.25, 75180,  682986.43,  757465.67, 1.19
899, -61.44, -69.37, 75600,  641678.12,  733297.75, 11.03
900, -91.72, -71.60, 75600,  951177.76,  1042781.60, 1.33
901, -76.21, -72.06, 75600,  789878.87,  880894.07, 1.17
902, -76.27, -72.48, 75600,  789732.25,  888006.41, 1.23
903, -67.39, -71.97, 75600,  700401.20,  785310.49, 1.20
904, -59.60, -70.74, 76020,  622883.72,  719598.04, 10.85
905, -68.64, -70.53, 76020,  710986.69,  807029.35, 1.28
906, -61.37, -69.61, 76020,  635548.21,  710250.09, 1.17
907, -77.86, -70.44, 76020,  805892.58,  895812.75, 1.17
908, -77.20, -71.11, 76020,  800659.99,  893105.21, 1.18
909, -61.81, -70.18, 76440,  642323.47,  730763.62, 10.68
910, -68.59, -70.02, 76440,  725020.07,  841534.61, 1.25
911, -72.86, -70.31, 76440,  754222.37,  859739.97, 1.17
912, -68.13, -70.09, 76440,  705650.23,  797777.53, 1.19
913, -64.40, -69.52, 76440,  667644.73,  746193.97, 1.19
914, -60.95, -68.66, 76860,  634551.79,  712976.59, 10.83
915, -71.61, -68.96, 76860,  741803.87,  820555.88, 1.32
916, -62.11, -68.27, 76860,  647827.75,  725540.69, 1.22
917, -67.12, -68.16, 76860,  697278.27,  794956.78, 1.19
918, -65.64, -67.90, 76860,  679934.93,  754081.75, 1.22
919, -73.71, -68.49, 77280,  765316.50,  911301.42, 10.86
920, -73.81, -69.02, 77280,  764806.77,  871051.66, 1.28
921, -74.10, -69.53, 77280,  768656.46,  852938.01, 1.19
922, -80.25, -70.60, 77280,  830907.41,  941828.38, 1.18
923, -63.95, -69.93, 77280,  662141.07,  760632.64, 1.17
924, -70.94, -70.03, 77700,  734341.75,  844723.17, 10.78
925, -72.79, -70.31, 77700,  753644.50,  845198.37, 1.27
926, -62.72, -69.55, 77700,  653561.56,  769097.38, 1.20
927, -69.72, -69.57, 77700,  727964.37,  821495.70, 1.16
928, -66.57, -69.27, 77700,  695716.00,  800730.61, 1.15
929, -89.08, -71.25, 78120,  922047.64,  1007499.33, 10.93
930, -75.94, -71.72, 78120,  789225.01,  869384.27, 1.36
931, -75.88, -72.14, 78120,  789314.68,  886838.65, 1.21
932, -58.97, -70.82, 78120,  616505.12,  723229.93, 1.18
933, -62.23, -69.96, 78120,  644662.08,  732109.46, 1.21
934, -65.95, -69.56, 78540,  684279.69,  761708.77, 10.91
935, -67.64, -69.37, 78540,  700615.86,  779192.69, 1.26
936, -68.11, -69.24, 78540,  705294.79,  782946.10, 1.21
937, -66.83, -69.00, 78540,  692766.31,  776663.10, 1.18
938, -86.82, -70.78, 78540,  898901.69,  992573.81, 1.20
939, -70.51, -70.75, 78960,  733978.15,  817200.31, 10.75
940, -63.14, -69.99, 78960,  655247.75,  738221.03, 1.30
941, -60.41, -69.03, 78960,  625867.41,  704408.29, 1.18
942, -66.22, -68.75, 78960,  686195.34,  810500.55, 1.21
943, -67.54, -68.63, 78960,  701187.38,  795487.40, 1.19
944, -64.53, -68.22, 79380,  670289.89,  780802.58, 10.66
945, -77.03, -69.10, 79380,  802911.17,  930122.37, 1.27
946, -81.84, -70.38, 79380,  847385.54,  970021.09, 1.17
947, -76.88, -71.03, 79380,  796080.92,  901804.11, 1.16
948, -67.42, -70.67, 79380,  700084.97,  778923.56, 1.16
949, -79.10, -71.51, 79800,  819133.54,  976364.72, 10.74
950, -72.47, -71.61, 79800,  753158.46,  881623.94, 1.30
951, -69.07, -71.35, 79800,  717271.03,  819433.18, 1.18
952, -62.60, -70.48, 79800,  653295.64,  729874.52, 1.17
953, -72.76, -70.70, 79800,  753405.41,  841362.35, 1.18
954, -74.72, -71.11, 80220,  773879.72,  875476.25, 10.76
955, -75.55, -71.55, 80220,  782188.86,  890501.38, 1.31
956, -75.92, -71.99, 80220,  786450.50,  868996.37, 1.19
957, -73.54, -72.14, 80220,  765283.16,  864621.86, 1.21
958, -64.36, -71.36, 80220,  671963.60,  768722.10, 1.24
959, -63.59, -70.59, 80640,  658473.44,  745945.89, 10.84
960, -61.17, -69.65, 80640,  638870.18,  733361.04, 1.27
961, -60.18, -68.70, 80640,  623754.17,  711888.87, 1.19
962, -87.87, -70.62, 80640,  909408.89,  998032.30, 1.20
963, -81.49, -71.70, 80640,  843754.56,  963655.59, 1.18
964, -69.75, -71.51, 81060,  722308.57,  830886.50, 10.80
965, -60.04, -70.36, 81060,  621426.36,  692318.23, 1.27
966, -71.42, -70.47, 81060,  754411.47,  849538.08, 1.18
967, -65.49, -69.97, 81060,  678247.49,  754412.68, 1.17
968, -64.73, -69.45, 81060,  671005.88,  752099.76, 1.20
969, -60.48, -68.55, 81480,  629960.22,  736351.05, 10.87
970, -62.40, -67.93, 81480,  646288.71,  739842.69, 1.30
971, -62.34, -67.37, 81480,  645815.21,  722868.95, 1.18
972, -69.00, -67.54, 81480,  714461.87,  787295.98, 1.20
973, -72.32, -68.02, 81480,  751076.16,  851140.68, 1.17
974, -67.32, -67.95, 81900,  700276.12,  785342.71, 10.89
975, -77.74, -68.93, 81900,  807015.56,  926969.54, 1.32
976, -63.38, -68.37, 81900,  656207.24,  748600.46, 1.20
977, -65.21, -68.05, 81900,  677662.46,  800111.29, 1.19
978, -75.34, -68.78, 81900,  780314.63,  884979.27, 1.16
979, -64.55, -68.36, 82320,  668461.33,  763604.39, 10.81
980, -76.12, -69.14, 82320,  788551.45,  885339.94, 1.26
981, -62.14, -68.44, 82320,  643582.84,  717382.75, 1.18
982, -64.93, -68.09, 82320,  672426.25,  768669.37, 1.16
983, -64.49, -67.73, 82320,  667858.36,  746030.47, 1.19
984, -70.31, -67.98, 82740,  728093.22,  843030.66, 14.74
985, -72.45, -68.43, 82740,  757452.61,  859001.39, 1.28
986, -67.49, -68.34, 82740,  698594.79,  795897.37, 1.17
987, -65.13, -68.02, 82740,  674243.93,  768253.47, 1.17
988, -65.98, -67.81, 82740,  683158.64,  782006.74, 1.19
989, -78.72, -68.90, 83160,  818259.74,  940250.29, 22.50
990, -62.63, -68.27, 83160,  648400.50,  734343.76, 1.31
991, -77.00, -69.15, 83160,  797117.99,  885423.65, 1.20
992, -76.49, -69.88, 83160,  794210.85,  902561.81, 1.18
993, -62.28, -69.12, 83160,  649958.61,  749822.28, 1.18
994, -77.91, -70.00, 83580,  806624.37,  908994.37, 27.69
995, -82.14, -71.21, 83580,  850473.43,  952340.42, 1.26
996, -67.70, -70.86, 83580,  701292.21,  798905.57, 1.18
997, -69.91, -70.77, 83580,  723529.33,  821833.40, 1.20
998, -67.85, -70.48, 83580,  711066.71,  820455.60, 1.22
999, -82.21, -71.65, 84000,  854530.50,  965173.39, 21.11
